img1_path,img2_path,label
/content/drive/MyDrive/vision_benchmark/data/wildlife/voc_day/voc_day/JPEGImages/Badger_0.jpg,/content/drive/MyDrive/vision_benchmark/data/wildlife/voc_night/voc_night/JPEGImages/LeopardCat__1980.jpg,0
/content/drive/MyDrive/vision_benchmark/data/wildlife/voc_day/voc_day/JPEGImages/RacoonDog_102.jpg,/content/drive/MyDrive/vision_benchmark/data/wildlife/voc_night/voc_night/JPEGImages/RacoonDog_178.jpg,1
/content/drive/MyDrive/vision_benchmark/data/wildlife/voc_day/voc_day/JPEGImages/SikaDeer_2402.jpg,/content/drive/MyDrive/vision_benchmark/data/wildlife/voc_night/voc_night/JPEGImages/LeopardCat__2653.jpg,0
/content/drive/MyDrive/vision_benchmark/data/wildlife/voc_day/voc_day/JPEGImages/AmurLeopard_257.jpg,/content/drive/MyDrive/vision_benchmark/data/wildlife/voc_night/voc_night/JPEGImages/AmurLeopard_572.jpg,1
/content/drive/MyDrive/vision_benchmark/data/wildlife/voc_day/voc_day/JPEGImages/Hare_48.jpg,/content/drive/MyDrive/vision_benchmark/data/wildlife/voc_night/voc_night/JPEGImages/Dog_166.jpg,0
/content/drive/MyDrive/vision_benchmark/data/wildlife/voc_day/voc_day/JPEGImages/Wildboar_2027.jpg,/content/drive/MyDrive/vision_benchmark/data/wildlife/voc_night/voc_night/JPEGImages/Cow_67 (1).jpg,0
/content/drive/MyDrive/vision_benchmark/data/wildlife/voc_day/voc_day/JPEGImages/Badger__645.jpg,/content/drive/MyDrive/vision_benchmark/data/wildlife/voc_night/voc_night/JPEGImages/Badger__1931.jpg,1
/content/drive/MyDrive/vision_benchmark/data/wildlife/voc_day/voc_day/JPEGImages/RedFox_2 (371).jpg,/content/drive/MyDrive/vision_benchmark/data/wildlife/voc_night/voc_night/JPEGImages/Weasel_1217.jpg,0
/content/drive/MyDrive/vision_benchmark/data/wildlife/voc_day/voc_day/JPEGImages/Dog_1015.jpg,/content/drive/MyDrive/vision_benchmark/data/wildlife/voc_night/voc_night/JPEGImages/Dog_856.jpg,1
/content/drive/MyDrive/vision_benchmark/data/wildlife/voc_day/voc_day/JPEGImages/Y.T.Marten_316.jpg,/content/drive/MyDrive/vision_benchmark/data/wildlife/voc_night/voc_night/JPEGImages/Weasel_1079.jpg,0
/content/drive/MyDrive/vision_benchmark/data/wildlife/voc_day/voc_day/JPEGImages/Y.T.Marten__244.jpg,/content/drive/MyDrive/vision_benchmark/data/wildlife/voc_night/voc_night/JPEGImages/Y.T.Marten_248.jpg,1
/content/drive/MyDrive/vision_benchmark/data/wildlife/voc_day/voc_day/JPEGImages/Wildboar_1754.jpg,/content/drive/MyDrive/vision_benchmark/data/wildlife/voc_night/voc_night/JPEGImages/Cow_89 (1).jpg,0
/content/drive/MyDrive/vision_benchmark/data/wildlife/voc_day/voc_day/JPEGImages/Hare_49.jpg,/content/drive/MyDrive/vision_benchmark/data/wildlife/voc_night/voc_night/JPEGImages/Hare_586.jpg,1
/content/drive/MyDrive/vision_benchmark/data/wildlife/voc_day/voc_day/JPEGImages/leopard_2308.jpg,/content/drive/MyDrive/vision_benchmark/data/wildlife/voc_night/voc_night/JPEGImages/leopard_2272.jpg,1
/content/drive/MyDrive/vision_benchmark/data/wildlife/voc_day/voc_day/JPEGImages/Dog_1421.jpg,/content/drive/MyDrive/vision_benchmark/data/wildlife/voc_night/voc_night/JPEGImages/Badger__1622.jpg,0
/content/drive/MyDrive/vision_benchmark/data/wildlife/voc_day/voc_day/JPEGImages/AmurTiger_504.jpg,/content/drive/MyDrive/vision_benchmark/data/wildlife/voc_night/voc_night/JPEGImages/AmurTiger_245.jpg,1
/content/drive/MyDrive/vision_benchmark/data/wildlife/voc_day/voc_day/JPEGImages/AmurTiger_45.jpg,/content/drive/MyDrive/vision_benchmark/data/wildlife/voc_night/voc_night/JPEGImages/Dog_1835.jpg,0
/content/drive/MyDrive/vision_benchmark/data/wildlife/voc_day/voc_day/JPEGImages/AmurTiger_579.jpg,/content/drive/MyDrive/vision_benchmark/data/wildlife/voc_night/voc_night/JPEGImages/AmurTiger_417.jpg,1
/content/drive/MyDrive/vision_benchmark/data/wildlife/voc_day/voc_day/JPEGImages/Y.T.Marten_42.jpg,/content/drive/MyDrive/vision_benchmark/data/wildlife/voc_night/voc_night/JPEGImages/Y.T.Marten__437.jpg,1
/content/drive/MyDrive/vision_benchmark/data/wildlife/voc_day/voc_day/JPEGImages/Hare_514.jpg,/content/drive/MyDrive/vision_benchmark/data/wildlife/voc_night/voc_night/JPEGImages/Hare_53.jpg,1
/content/drive/MyDrive/vision_benchmark/data/wildlife/voc_day/voc_day/JPEGImages/leopard_2306.jpg,/content/drive/MyDrive/vision_benchmark/data/wildlife/voc_night/voc_night/JPEGImages/leopard_3841.jpg,1
/content/drive/MyDrive/vision_benchmark/data/wildlife/voc_day/voc_day/JPEGImages/Dog_1808.jpg,/content/drive/MyDrive/vision_benchmark/data/wildlife/voc_night/voc_night/JPEGImages/Wildboar_2224.jpg,0
/content/drive/MyDrive/vision_benchmark/data/wildlife/voc_day/voc_day/JPEGImages/LeopardCat__200.jpg,/content/drive/MyDrive/vision_benchmark/data/wildlife/voc_night/voc_night/JPEGImages/RedFox_0 (382).jpg,0
/content/drive/MyDrive/vision_benchmark/data/wildlife/voc_day/voc_day/JPEGImages/Cow_203 (1).jpg,/content/drive/MyDrive/vision_benchmark/data/wildlife/voc_night/voc_night/JPEGImages/Cow_89 (2).jpg,1
/content/drive/MyDrive/vision_benchmark/data/wildlife/voc_day/voc_day/JPEGImages/Hare_506.jpg,/content/drive/MyDrive/vision_benchmark/data/wildlife/voc_night/voc_night/JPEGImages/Hare_792.jpg,1
/content/drive/MyDrive/vision_benchmark/data/wildlife/voc_day/voc_day/JPEGImages/BlackBear_242.jpg,/content/drive/MyDrive/vision_benchmark/data/wildlife/voc_night/voc_night/JPEGImages/BlackBear_251.jpg,1
/content/drive/MyDrive/vision_benchmark/data/wildlife/voc_day/voc_day/JPEGImages/Badger__622.jpg,/content/drive/MyDrive/vision_benchmark/data/wildlife/voc_night/voc_night/JPEGImages/Badger__1808.jpg,1
/content/drive/MyDrive/vision_benchmark/data/wildlife/voc_day/voc_day/JPEGImages/leopard_1154.jpg,/content/drive/MyDrive/vision_benchmark/data/wildlife/voc_night/voc_night/JPEGImages/RacoonDog_25 (3).jpg,0
/content/drive/MyDrive/vision_benchmark/data/wildlife/voc_day/voc_day/JPEGImages/Dog_586.jpg,/content/drive/MyDrive/vision_benchmark/data/wildlife/voc_night/voc_night/JPEGImages/Dog_1 (62).jpg,1
/content/drive/MyDrive/vision_benchmark/data/wildlife/voc_day/voc_day/JPEGImages/AmurLeopard_943.jpg,/content/drive/MyDrive/vision_benchmark/data/wildlife/voc_night/voc_night/JPEGImages/AmurLeopard_539.jpg,1
/content/drive/MyDrive/vision_benchmark/data/wildlife/voc_day/voc_day/JPEGImages/Cow_ (204).jpg,/content/drive/MyDrive/vision_benchmark/data/wildlife/voc_night/voc_night/JPEGImages/MuskDeer_1038.jpg,0
/content/drive/MyDrive/vision_benchmark/data/wildlife/voc_day/voc_day/JPEGImages/RacoonDog_85 (3).jpg,/content/drive/MyDrive/vision_benchmark/data/wildlife/voc_night/voc_night/JPEGImages/RacoonDog_145.jpg,1
/content/drive/MyDrive/vision_benchmark/data/wildlife/voc_day/voc_day/JPEGImages/WildBoar_2404.jpg,/content/drive/MyDrive/vision_benchmark/data/wildlife/voc_night/voc_night/JPEGImages/SikaDeer_3513.jpg,0
/content/drive/MyDrive/vision_benchmark/data/wildlife/voc_day/voc_day/JPEGImages/AmurLeopard_39.jpg,/content/drive/MyDrive/vision_benchmark/data/wildlife/voc_night/voc_night/JPEGImages/AmurLeopard_1236.jpg,1
/content/drive/MyDrive/vision_benchmark/data/wildlife/voc_day/voc_day/JPEGImages/SikaDeer_3293.jpg,/content/drive/MyDrive/vision_benchmark/data/wildlife/voc_night/voc_night/JPEGImages/SikaDeer_1675.jpg,1
/content/drive/MyDrive/vision_benchmark/data/wildlife/voc_day/voc_day/JPEGImages/Weasel_801.jpg,/content/drive/MyDrive/vision_benchmark/data/wildlife/voc_night/voc_night/JPEGImages/Weasel_378.jpg,1
/content/drive/MyDrive/vision_benchmark/data/wildlife/voc_day/voc_day/JPEGImages/RedFox_1 (895).jpg,/content/drive/MyDrive/vision_benchmark/data/wildlife/voc_night/voc_night/JPEGImages/Badger_44.jpg,0
/content/drive/MyDrive/vision_benchmark/data/wildlife/voc_day/voc_day/JPEGImages/Badger__86.jpg,/content/drive/MyDrive/vision_benchmark/data/wildlife/voc_night/voc_night/JPEGImages/AmurTiger_934.jpg,0
/content/drive/MyDrive/vision_benchmark/data/wildlife/voc_day/voc_day/JPEGImages/Dog_470.jpg,/content/drive/MyDrive/vision_benchmark/data/wildlife/voc_night/voc_night/JPEGImages/Dog_0 (170).jpg,1
/content/drive/MyDrive/vision_benchmark/data/wildlife/voc_day/voc_day/JPEGImages/RacoonDog_00142000.jpg,/content/drive/MyDrive/vision_benchmark/data/wildlife/voc_night/voc_night/JPEGImages/Hare_140.jpg,0
/content/drive/MyDrive/vision_benchmark/data/wildlife/voc_day/voc_day/JPEGImages/BlackBear_216.jpg,/content/drive/MyDrive/vision_benchmark/data/wildlife/voc_night/voc_night/JPEGImages/Weasel_1219.jpg,0
/content/drive/MyDrive/vision_benchmark/data/wildlife/voc_day/voc_day/JPEGImages/RedFox_3 (38).jpg,/content/drive/MyDrive/vision_benchmark/data/wildlife/voc_night/voc_night/JPEGImages/RedFox_1 (660).jpg,1
/content/drive/MyDrive/vision_benchmark/data/wildlife/voc_day/voc_day/JPEGImages/Hare_505.jpg,/content/drive/MyDrive/vision_benchmark/data/wildlife/voc_night/voc_night/JPEGImages/Hare_1170.jpg,1
/content/drive/MyDrive/vision_benchmark/data/wildlife/voc_day/voc_day/JPEGImages/LeopardCat__576.jpg,/content/drive/MyDrive/vision_benchmark/data/wildlife/voc_night/voc_night/JPEGImages/LeopardCat__1478.jpg,1
/content/drive/MyDrive/vision_benchmark/data/wildlife/voc_day/voc_day/JPEGImages/Weasel_61.jpg,/content/drive/MyDrive/vision_benchmark/data/wildlife/voc_night/voc_night/JPEGImages/RacoonDog_00215800.jpg,0
/content/drive/MyDrive/vision_benchmark/data/wildlife/voc_day/voc_day/JPEGImages/LeopardCat__293.jpg,/content/drive/MyDrive/vision_benchmark/data/wildlife/voc_night/voc_night/JPEGImages/LeopardCat_59.jpg,1
/content/drive/MyDrive/vision_benchmark/data/wildlife/voc_day/voc_day/JPEGImages/AmurLeopard_976.jpg,/content/drive/MyDrive/vision_benchmark/data/wildlife/voc_night/voc_night/JPEGImages/Wildboar_1804.jpg,0
/content/drive/MyDrive/vision_benchmark/data/wildlife/voc_day/voc_day/JPEGImages/SikaDeer_1451.jpg,/content/drive/MyDrive/vision_benchmark/data/wildlife/voc_night/voc_night/JPEGImages/SikaDeer_2254.jpg,1
/content/drive/MyDrive/vision_benchmark/data/wildlife/voc_day/voc_day/JPEGImages/Cow_263.jpg,/content/drive/MyDrive/vision_benchmark/data/wildlife/voc_night/voc_night/JPEGImages/LeopardCat__1481.jpg,0
/content/drive/MyDrive/vision_benchmark/data/wildlife/voc_day/voc_day/JPEGImages/SikaDeer_3359.jpg,/content/drive/MyDrive/vision_benchmark/data/wildlife/voc_night/voc_night/JPEGImages/SikaDeer_1628.jpg,1
/content/drive/MyDrive/vision_benchmark/data/wildlife/voc_day/voc_day/JPEGImages/Cow_274 (2).jpg,/content/drive/MyDrive/vision_benchmark/data/wildlife/voc_night/voc_night/JPEGImages/WildBoar_2390.jpg,0
/content/drive/MyDrive/vision_benchmark/data/wildlife/voc_day/voc_day/JPEGImages/MuskDeer_322.jpg,/content/drive/MyDrive/vision_benchmark/data/wildlife/voc_night/voc_night/JPEGImages/Wildboar_1802.jpg,0
/content/drive/MyDrive/vision_benchmark/data/wildlife/voc_day/voc_day/JPEGImages/RedFox_4 (103).jpg,/content/drive/MyDrive/vision_benchmark/data/wildlife/voc_night/voc_night/JPEGImages/RedFox_0 (621).jpg,1
/content/drive/MyDrive/vision_benchmark/data/wildlife/voc_day/voc_day/JPEGImages/RedFox_6 (103).jpg,/content/drive/MyDrive/vision_benchmark/data/wildlife/voc_night/voc_night/JPEGImages/RedFox_0 (277).jpg,1
/content/drive/MyDrive/vision_benchmark/data/wildlife/voc_day/voc_day/JPEGImages/RedFox_0 (942).jpg,/content/drive/MyDrive/vision_benchmark/data/wildlife/voc_night/voc_night/JPEGImages/Cow_238.jpg,0
/content/drive/MyDrive/vision_benchmark/data/wildlife/voc_day/voc_day/JPEGImages/WildBoar_2337.jpg,/content/drive/MyDrive/vision_benchmark/data/wildlife/voc_night/voc_night/JPEGImages/RedFox_1 (527).jpg,0
/content/drive/MyDrive/vision_benchmark/data/wildlife/voc_day/voc_day/JPEGImages/RedFox_1 (895).jpg,/content/drive/MyDrive/vision_benchmark/data/wildlife/voc_night/voc_night/JPEGImages/Badger__1870.jpg,0
/content/drive/MyDrive/vision_benchmark/data/wildlife/voc_day/voc_day/JPEGImages/RedFox_0 (265).jpg,/content/drive/MyDrive/vision_benchmark/data/wildlife/voc_night/voc_night/JPEGImages/leopard_4150.jpg,0
/content/drive/MyDrive/vision_benchmark/data/wildlife/voc_day/voc_day/JPEGImages/Wildboar_1808.jpg,/content/drive/MyDrive/vision_benchmark/data/wildlife/voc_night/voc_night/JPEGImages/Wildboar_1784.jpg,1
/content/drive/MyDrive/vision_benchmark/data/wildlife/voc_day/voc_day/JPEGImages/Cow_50 (1).jpg,/content/drive/MyDrive/vision_benchmark/data/wildlife/voc_night/voc_night/JPEGImages/WildBoar_2395.jpg,0
/content/drive/MyDrive/vision_benchmark/data/wildlife/voc_day/voc_day/JPEGImages/MuskDeer_501.jpg,/content/drive/MyDrive/vision_benchmark/data/wildlife/voc_night/voc_night/JPEGImages/MuskDeer_1226.jpg,1
/content/drive/MyDrive/vision_benchmark/data/wildlife/voc_day/voc_day/JPEGImages/MuskDeer_496.jpg,/content/drive/MyDrive/vision_benchmark/data/wildlife/voc_night/voc_night/JPEGImages/AmurLeopard_1255.jpg,0
/content/drive/MyDrive/vision_benchmark/data/wildlife/voc_day/voc_day/JPEGImages/MuskDeer_573.jpg,/content/drive/MyDrive/vision_benchmark/data/wildlife/voc_night/voc_night/JPEGImages/MuskDeer_1226.jpg,1
/content/drive/MyDrive/vision_benchmark/data/wildlife/voc_day/voc_day/JPEGImages/Dog_1 (3).jpg,/content/drive/MyDrive/vision_benchmark/data/wildlife/voc_night/voc_night/JPEGImages/AmurLeopard_1335.jpg,0
/content/drive/MyDrive/vision_benchmark/data/wildlife/voc_day/voc_day/JPEGImages/leopard_3387.jpg,/content/drive/MyDrive/vision_benchmark/data/wildlife/voc_night/voc_night/JPEGImages/leopard_1998.jpg,1
/content/drive/MyDrive/vision_benchmark/data/wildlife/voc_day/voc_day/JPEGImages/SikaDeer_4024.jpg,/content/drive/MyDrive/vision_benchmark/data/wildlife/voc_night/voc_night/JPEGImages/Wildboar_1794.jpg,0
/content/drive/MyDrive/vision_benchmark/data/wildlife/voc_day/voc_day/JPEGImages/MuskDeer_427.jpg,/content/drive/MyDrive/vision_benchmark/data/wildlife/voc_night/voc_night/JPEGImages/MuskDeer_632.jpg,1
/content/drive/MyDrive/vision_benchmark/data/wildlife/voc_day/voc_day/JPEGImages/Dog_1773.jpg,/content/drive/MyDrive/vision_benchmark/data/wildlife/voc_night/voc_night/JPEGImages/Dog_50.jpg,1
/content/drive/MyDrive/vision_benchmark/data/wildlife/voc_day/voc_day/JPEGImages/Wildboar_1994.jpg,/content/drive/MyDrive/vision_benchmark/data/wildlife/voc_night/voc_night/JPEGImages/Wildboar_1955.jpg,1
/content/drive/MyDrive/vision_benchmark/data/wildlife/voc_day/voc_day/JPEGImages/SikaDeer_2892.jpg,/content/drive/MyDrive/vision_benchmark/data/wildlife/voc_night/voc_night/JPEGImages/RedFox_0 (692).jpg,0
/content/drive/MyDrive/vision_benchmark/data/wildlife/voc_day/voc_day/JPEGImages/Wildboar_2154.jpg,/content/drive/MyDrive/vision_benchmark/data/wildlife/voc_night/voc_night/JPEGImages/Wildboar_2043.jpg,1
/content/drive/MyDrive/vision_benchmark/data/wildlife/voc_day/voc_day/JPEGImages/MuskDeer_487.jpg,/content/drive/MyDrive/vision_benchmark/data/wildlife/voc_night/voc_night/JPEGImages/MuskDeer_1133.jpg,1
/content/drive/MyDrive/vision_benchmark/data/wildlife/voc_day/voc_day/JPEGImages/AmurLeopard_281.jpg,/content/drive/MyDrive/vision_benchmark/data/wildlife/voc_night/voc_night/JPEGImages/AmurLeopard_1234.jpg,1
/content/drive/MyDrive/vision_benchmark/data/wildlife/voc_day/voc_day/JPEGImages/RedFox_5 (27).jpg,/content/drive/MyDrive/vision_benchmark/data/wildlife/voc_night/voc_night/JPEGImages/RedFox_0 (351).jpg,1
/content/drive/MyDrive/vision_benchmark/data/wildlife/voc_day/voc_day/JPEGImages/leopard_5233.jpg,/content/drive/MyDrive/vision_benchmark/data/wildlife/voc_night/voc_night/JPEGImages/BlackBear_1.jpg,0
/content/drive/MyDrive/vision_benchmark/data/wildlife/voc_day/voc_day/JPEGImages/WildBoar_2312.jpg,/content/drive/MyDrive/vision_benchmark/data/wildlife/voc_night/voc_night/JPEGImages/Cow_89 (3).jpg,0
/content/drive/MyDrive/vision_benchmark/data/wildlife/voc_day/voc_day/JPEGImages/MuskDeer_1583.jpg,/content/drive/MyDrive/vision_benchmark/data/wildlife/voc_night/voc_night/JPEGImages/MuskDeer_154.jpg,1
/content/drive/MyDrive/vision_benchmark/data/wildlife/voc_day/voc_day/JPEGImages/BlackBear_122.jpg,/content/drive/MyDrive/vision_benchmark/data/wildlife/voc_night/voc_night/JPEGImages/BlackBear_35.jpg,1
/content/drive/MyDrive/vision_benchmark/data/wildlife/voc_day/voc_day/JPEGImages/RacoonDog_114 (3).jpg,/content/drive/MyDrive/vision_benchmark/data/wildlife/voc_night/voc_night/JPEGImages/RacoonDog_00241900.jpg,1
/content/drive/MyDrive/vision_benchmark/data/wildlife/voc_day/voc_day/JPEGImages/leopard_3256.jpg,/content/drive/MyDrive/vision_benchmark/data/wildlife/voc_night/voc_night/JPEGImages/leopard_217.jpg,1
/content/drive/MyDrive/vision_benchmark/data/wildlife/voc_day/voc_day/JPEGImages/Dog_1462.jpg,/content/drive/MyDrive/vision_benchmark/data/wildlife/voc_night/voc_night/JPEGImages/Wildboar_2223.jpg,0
/content/drive/MyDrive/vision_benchmark/data/wildlife/voc_day/voc_day/JPEGImages/RacoonDog_66.jpg,/content/drive/MyDrive/vision_benchmark/data/wildlife/voc_night/voc_night/JPEGImages/Dog_61.jpg,0
/content/drive/MyDrive/vision_benchmark/data/wildlife/voc_day/voc_day/JPEGImages/BlackBear_147.jpg,/content/drive/MyDrive/vision_benchmark/data/wildlife/voc_night/voc_night/JPEGImages/BlackBear_142.jpg,1
/content/drive/MyDrive/vision_benchmark/data/wildlife/voc_day/voc_day/JPEGImages/AmurTiger_734.jpg,/content/drive/MyDrive/vision_benchmark/data/wildlife/voc_night/voc_night/JPEGImages/AmurTiger_36.jpg,1
/content/drive/MyDrive/vision_benchmark/data/wildlife/voc_day/voc_day/JPEGImages/LeopardCat__1405.jpg,/content/drive/MyDrive/vision_benchmark/data/wildlife/voc_night/voc_night/JPEGImages/LeopardCat_145.jpg,1
/content/drive/MyDrive/vision_benchmark/data/wildlife/voc_day/voc_day/JPEGImages/BlackBear_130.jpg,/content/drive/MyDrive/vision_benchmark/data/wildlife/voc_night/voc_night/JPEGImages/BlackBear_104.jpg,1
/content/drive/MyDrive/vision_benchmark/data/wildlife/voc_day/voc_day/JPEGImages/AmurTiger_843.jpg,/content/drive/MyDrive/vision_benchmark/data/wildlife/voc_night/voc_night/JPEGImages/AmurTiger_242.jpg,1
/content/drive/MyDrive/vision_benchmark/data/wildlife/voc_day/voc_day/JPEGImages/WildBoar_2279.jpg,/content/drive/MyDrive/vision_benchmark/data/wildlife/voc_night/voc_night/JPEGImages/WildBoar_2471.jpg,1
/content/drive/MyDrive/vision_benchmark/data/wildlife/voc_day/voc_day/JPEGImages/Weasel_714.jpg,/content/drive/MyDrive/vision_benchmark/data/wildlife/voc_night/voc_night/JPEGImages/Weasel_1282.jpg,1
/content/drive/MyDrive/vision_benchmark/data/wildlife/voc_day/voc_day/JPEGImages/Badger__71.jpg,/content/drive/MyDrive/vision_benchmark/data/wildlife/voc_night/voc_night/JPEGImages/RacoonDog_00213400.jpg,0
/content/drive/MyDrive/vision_benchmark/data/wildlife/voc_day/voc_day/JPEGImages/RedFox_1 (537).jpg,/content/drive/MyDrive/vision_benchmark/data/wildlife/voc_night/voc_night/JPEGImages/RedFox_0 (320).jpg,1
/content/drive/MyDrive/vision_benchmark/data/wildlife/voc_day/voc_day/JPEGImages/LeopardCat__1446.jpg,/content/drive/MyDrive/vision_benchmark/data/wildlife/voc_night/voc_night/JPEGImages/LeopardCat__1964.jpg,1
/content/drive/MyDrive/vision_benchmark/data/wildlife/voc_day/voc_day/JPEGImages/MuskDeer_571.jpg,/content/drive/MyDrive/vision_benchmark/data/wildlife/voc_night/voc_night/JPEGImages/RacoonDog_00249300.jpg,0
/content/drive/MyDrive/vision_benchmark/data/wildlife/voc_day/voc_day/JPEGImages/MuskDeer_446.jpg,/content/drive/MyDrive/vision_benchmark/data/wildlife/voc_night/voc_night/JPEGImages/MuskDeer_1159.jpg,1
/content/drive/MyDrive/vision_benchmark/data/wildlife/voc_day/voc_day/JPEGImages/Weasel_737.jpg,/content/drive/MyDrive/vision_benchmark/data/wildlife/voc_night/voc_night/JPEGImages/Weasel_1268.jpg,1
/content/drive/MyDrive/vision_benchmark/data/wildlife/voc_day/voc_day/JPEGImages/leopard_671.jpg,/content/drive/MyDrive/vision_benchmark/data/wildlife/voc_night/voc_night/JPEGImages/leopard_3078.jpg,1
/content/drive/MyDrive/vision_benchmark/data/wildlife/voc_day/voc_day/JPEGImages/leopard_2817.jpg,/content/drive/MyDrive/vision_benchmark/data/wildlife/voc_night/voc_night/JPEGImages/AmurTiger_231.jpg,0
/content/drive/MyDrive/vision_benchmark/data/wildlife/voc_day/voc_day/JPEGImages/Dog_931.jpg,/content/drive/MyDrive/vision_benchmark/data/wildlife/voc_night/voc_night/JPEGImages/Hare_660.jpg,0
/content/drive/MyDrive/vision_benchmark/data/wildlife/voc_day/voc_day/JPEGImages/WildBoar_2380.jpg,/content/drive/MyDrive/vision_benchmark/data/wildlife/voc_night/voc_night/JPEGImages/WildBoar_2431.jpg,1
/content/drive/MyDrive/vision_benchmark/data/wildlife/voc_day/voc_day/JPEGImages/WildBoar_2433.jpg,/content/drive/MyDrive/vision_benchmark/data/wildlife/voc_night/voc_night/JPEGImages/SikaDeer_2227.jpg,0
/content/drive/MyDrive/vision_benchmark/data/wildlife/voc_day/voc_day/JPEGImages/Weasel_136.jpg,/content/drive/MyDrive/vision_benchmark/data/wildlife/voc_night/voc_night/JPEGImages/Weasel_1165.jpg,1
/content/drive/MyDrive/vision_benchmark/data/wildlife/voc_day/voc_day/JPEGImages/RedFox_2 (1054).jpg,/content/drive/MyDrive/vision_benchmark/data/wildlife/voc_night/voc_night/JPEGImages/leopard_4685.jpg,0
/content/drive/MyDrive/vision_benchmark/data/wildlife/voc_day/voc_day/JPEGImages/MuskDeer_440.jpg,/content/drive/MyDrive/vision_benchmark/data/wildlife/voc_night/voc_night/JPEGImages/RedFox_0 (892).jpg,0
/content/drive/MyDrive/vision_benchmark/data/wildlife/voc_day/voc_day/JPEGImages/Y.T.Marten__292.jpg,/content/drive/MyDrive/vision_benchmark/data/wildlife/voc_night/voc_night/JPEGImages/Y.T.Marten_437.jpg,1
/content/drive/MyDrive/vision_benchmark/data/wildlife/voc_day/voc_day/JPEGImages/Badger__429.jpg,/content/drive/MyDrive/vision_benchmark/data/wildlife/voc_night/voc_night/JPEGImages/MuskDeer_1380.jpg,0
/content/drive/MyDrive/vision_benchmark/data/wildlife/voc_day/voc_day/JPEGImages/RedFox_0 (415).jpg,/content/drive/MyDrive/vision_benchmark/data/wildlife/voc_night/voc_night/JPEGImages/Hare_136.jpg,0
/content/drive/MyDrive/vision_benchmark/data/wildlife/voc_day/voc_day/JPEGImages/BlackBear_9.jpg,/content/drive/MyDrive/vision_benchmark/data/wildlife/voc_night/voc_night/JPEGImages/BlackBear_142.jpg,1
/content/drive/MyDrive/vision_benchmark/data/wildlife/voc_day/voc_day/JPEGImages/AmurTiger_680.jpg,/content/drive/MyDrive/vision_benchmark/data/wildlife/voc_night/voc_night/JPEGImages/AmurTiger_895.jpg,1
/content/drive/MyDrive/vision_benchmark/data/wildlife/voc_day/voc_day/JPEGImages/Dog_1 (90).jpg,/content/drive/MyDrive/vision_benchmark/data/wildlife/voc_night/voc_night/JPEGImages/Cow_72 (2).jpg,0
/content/drive/MyDrive/vision_benchmark/data/wildlife/voc_day/voc_day/JPEGImages/SikaDeer_2941.jpg,/content/drive/MyDrive/vision_benchmark/data/wildlife/voc_night/voc_night/JPEGImages/MuskDeer_306.jpg,0
/content/drive/MyDrive/vision_benchmark/data/wildlife/voc_day/voc_day/JPEGImages/Cow_75 (4).jpg,/content/drive/MyDrive/vision_benchmark/data/wildlife/voc_night/voc_night/JPEGImages/AmurLeopard_1348.jpg,0
/content/drive/MyDrive/vision_benchmark/data/wildlife/voc_day/voc_day/JPEGImages/MuskDeer_431.jpg,/content/drive/MyDrive/vision_benchmark/data/wildlife/voc_night/voc_night/JPEGImages/SikaDeer_3252.jpg,0
/content/drive/MyDrive/vision_benchmark/data/wildlife/voc_day/voc_day/JPEGImages/Y.T.Marten_320.jpg,/content/drive/MyDrive/vision_benchmark/data/wildlife/voc_night/voc_night/JPEGImages/Y.T.Marten__420.jpg,1
/content/drive/MyDrive/vision_benchmark/data/wildlife/voc_day/voc_day/JPEGImages/Hare_512.jpg,/content/drive/MyDrive/vision_benchmark/data/wildlife/voc_night/voc_night/JPEGImages/Hare_995.jpg,1
/content/drive/MyDrive/vision_benchmark/data/wildlife/voc_day/voc_day/JPEGImages/AmurLeopard_1015.jpg,/content/drive/MyDrive/vision_benchmark/data/wildlife/voc_night/voc_night/JPEGImages/AmurLeopard_1249.jpg,1
/content/drive/MyDrive/vision_benchmark/data/wildlife/voc_day/voc_day/JPEGImages/Dog_1 (39).jpg,/content/drive/MyDrive/vision_benchmark/data/wildlife/voc_night/voc_night/JPEGImages/RedFox_0 (169).jpg,0
/content/drive/MyDrive/vision_benchmark/data/wildlife/voc_day/voc_day/JPEGImages/RedFox_1 (864).jpg,/content/drive/MyDrive/vision_benchmark/data/wildlife/voc_night/voc_night/JPEGImages/Badger__1877.jpg,0
/content/drive/MyDrive/vision_benchmark/data/wildlife/voc_day/voc_day/JPEGImages/MuskDeer_441.jpg,/content/drive/MyDrive/vision_benchmark/data/wildlife/voc_night/voc_night/JPEGImages/MuskDeer_1398.jpg,1
/content/drive/MyDrive/vision_benchmark/data/wildlife/voc_day/voc_day/JPEGImages/Y.T.Marten_116.jpg,/content/drive/MyDrive/vision_benchmark/data/wildlife/voc_night/voc_night/JPEGImages/Y.T.Marten__432.jpg,1
/content/drive/MyDrive/vision_benchmark/data/wildlife/voc_day/voc_day/JPEGImages/Y.T.Marten__38.jpg,/content/drive/MyDrive/vision_benchmark/data/wildlife/voc_night/voc_night/JPEGImages/Y.T.Marten__414.jpg,1
/content/drive/MyDrive/vision_benchmark/data/wildlife/voc_day/voc_day/JPEGImages/leopard_2235.jpg,/content/drive/MyDrive/vision_benchmark/data/wildlife/voc_night/voc_night/JPEGImages/leopard_5210.jpg,1
/content/drive/MyDrive/vision_benchmark/data/wildlife/voc_day/voc_day/JPEGImages/AmurLeopard_683.jpg,/content/drive/MyDrive/vision_benchmark/data/wildlife/voc_night/voc_night/JPEGImages/Hare_1144.jpg,0
/content/drive/MyDrive/vision_benchmark/data/wildlife/voc_day/voc_day/JPEGImages/Wildboar_1937.jpg,/content/drive/MyDrive/vision_benchmark/data/wildlife/voc_night/voc_night/JPEGImages/SikaDeer_2758.jpg,0
/content/drive/MyDrive/vision_benchmark/data/wildlife/voc_day/voc_day/JPEGImages/LeopardCat_34.jpg,/content/drive/MyDrive/vision_benchmark/data/wildlife/voc_night/voc_night/JPEGImages/LeopardCat__2252.jpg,1
/content/drive/MyDrive/vision_benchmark/data/wildlife/voc_day/voc_day/JPEGImages/Y.T.Marten_62.jpg,/content/drive/MyDrive/vision_benchmark/data/wildlife/voc_night/voc_night/JPEGImages/BlackBear_36.jpg,0
/content/drive/MyDrive/vision_benchmark/data/wildlife/voc_day/voc_day/JPEGImages/leopard_4364.jpg,/content/drive/MyDrive/vision_benchmark/data/wildlife/voc_night/voc_night/JPEGImages/SikaDeer_4019.jpg,0
/content/drive/MyDrive/vision_benchmark/data/wildlife/voc_day/voc_day/JPEGImages/RedFox_0 (916).jpg,/content/drive/MyDrive/vision_benchmark/data/wildlife/voc_night/voc_night/JPEGImages/RedFox_2 (800).jpg,1
/content/drive/MyDrive/vision_benchmark/data/wildlife/voc_day/voc_day/JPEGImages/MuskDeer_561.jpg,/content/drive/MyDrive/vision_benchmark/data/wildlife/voc_night/voc_night/JPEGImages/Wildboar_1989.jpg,0
/content/drive/MyDrive/vision_benchmark/data/wildlife/voc_day/voc_day/JPEGImages/SikaDeer_2683.jpg,/content/drive/MyDrive/vision_benchmark/data/wildlife/voc_night/voc_night/JPEGImages/MuskDeer_365.jpg,0
/content/drive/MyDrive/vision_benchmark/data/wildlife/voc_day/voc_day/JPEGImages/SikaDeer_3756.jpg,/content/drive/MyDrive/vision_benchmark/data/wildlife/voc_night/voc_night/JPEGImages/Dog_60.jpg,0
/content/drive/MyDrive/vision_benchmark/data/wildlife/voc_day/voc_day/JPEGImages/RacoonDog_0079500.jpg,/content/drive/MyDrive/vision_benchmark/data/wildlife/voc_night/voc_night/JPEGImages/WildBoar_2387.jpg,0
/content/drive/MyDrive/vision_benchmark/data/wildlife/voc_day/voc_day/JPEGImages/Wildboar_2067.jpg,/content/drive/MyDrive/vision_benchmark/data/wildlife/voc_night/voc_night/JPEGImages/Wildboar_2128.jpg,1
/content/drive/MyDrive/vision_benchmark/data/wildlife/voc_day/voc_day/JPEGImages/Hare_503.jpg,/content/drive/MyDrive/vision_benchmark/data/wildlife/voc_night/voc_night/JPEGImages/Badger__1795.jpg,0
/content/drive/MyDrive/vision_benchmark/data/wildlife/voc_day/voc_day/JPEGImages/MuskDeer_119.jpg,/content/drive/MyDrive/vision_benchmark/data/wildlife/voc_night/voc_night/JPEGImages/Wildboar_2165.jpg,0
/content/drive/MyDrive/vision_benchmark/data/wildlife/voc_day/voc_day/JPEGImages/RacoonDog_0049900.jpg,/content/drive/MyDrive/vision_benchmark/data/wildlife/voc_night/voc_night/JPEGImages/RacoonDog_52.jpg,1
/content/drive/MyDrive/vision_benchmark/data/wildlife/voc_day/voc_day/JPEGImages/WildBoar_2336.jpg,/content/drive/MyDrive/vision_benchmark/data/wildlife/voc_night/voc_night/JPEGImages/MuskDeer_1181.jpg,0
/content/drive/MyDrive/vision_benchmark/data/wildlife/voc_day/voc_day/JPEGImages/Hare_510.jpg,/content/drive/MyDrive/vision_benchmark/data/wildlife/voc_night/voc_night/JPEGImages/Hare_898.jpg,1
/content/drive/MyDrive/vision_benchmark/data/wildlife/voc_day/voc_day/JPEGImages/Dog_1053.jpg,/content/drive/MyDrive/vision_benchmark/data/wildlife/voc_night/voc_night/JPEGImages/Dog_1477.jpg,1
/content/drive/MyDrive/vision_benchmark/data/wildlife/voc_day/voc_day/JPEGImages/SikaDeer_2390.jpg,/content/drive/MyDrive/vision_benchmark/data/wildlife/voc_night/voc_night/JPEGImages/SikaDeer_2231.jpg,1
/content/drive/MyDrive/vision_benchmark/data/wildlife/voc_day/voc_day/JPEGImages/Y.T.Marten__306.jpg,/content/drive/MyDrive/vision_benchmark/data/wildlife/voc_night/voc_night/JPEGImages/Y.T.Marten__432.jpg,1
/content/drive/MyDrive/vision_benchmark/data/wildlife/voc_day/voc_day/JPEGImages/LeopardCat_4046.jpg,/content/drive/MyDrive/vision_benchmark/data/wildlife/voc_night/voc_night/JPEGImages/LeopardCat__1847.jpg,1
/content/drive/MyDrive/vision_benchmark/data/wildlife/voc_day/voc_day/JPEGImages/Hare_510.jpg,/content/drive/MyDrive/vision_benchmark/data/wildlife/voc_night/voc_night/JPEGImages/SikaDeer_3241.jpg,0
/content/drive/MyDrive/vision_benchmark/data/wildlife/voc_day/voc_day/JPEGImages/RacoonDog_0091400.jpg,/content/drive/MyDrive/vision_benchmark/data/wildlife/voc_night/voc_night/JPEGImages/leopard_4692.jpg,0
/content/drive/MyDrive/vision_benchmark/data/wildlife/voc_day/voc_day/JPEGImages/Weasel_472.jpg,/content/drive/MyDrive/vision_benchmark/data/wildlife/voc_night/voc_night/JPEGImages/Badger_198.jpg,0
/content/drive/MyDrive/vision_benchmark/data/wildlife/voc_day/voc_day/JPEGImages/LeopardCat__716.jpg,/content/drive/MyDrive/vision_benchmark/data/wildlife/voc_night/voc_night/JPEGImages/LeopardCat__2147.jpg,1
/content/drive/MyDrive/vision_benchmark/data/wildlife/voc_day/voc_day/JPEGImages/RedFox_0 (1017).jpg,/content/drive/MyDrive/vision_benchmark/data/wildlife/voc_night/voc_night/JPEGImages/RedFox_1 (811).jpg,1
/content/drive/MyDrive/vision_benchmark/data/wildlife/voc_day/voc_day/JPEGImages/AmurTiger_91.jpg,/content/drive/MyDrive/vision_benchmark/data/wildlife/voc_night/voc_night/JPEGImages/LeopardCat__2045.jpg,0
/content/drive/MyDrive/vision_benchmark/data/wildlife/voc_day/voc_day/JPEGImages/WildBoar_2291.jpg,/content/drive/MyDrive/vision_benchmark/data/wildlife/voc_night/voc_night/JPEGImages/BlackBear_152.jpg,0
/content/drive/MyDrive/vision_benchmark/data/wildlife/voc_day/voc_day/JPEGImages/MuskDeer_527.jpg,/content/drive/MyDrive/vision_benchmark/data/wildlife/voc_night/voc_night/JPEGImages/leopard_1876.jpg,0
/content/drive/MyDrive/vision_benchmark/data/wildlife/voc_day/voc_day/JPEGImages/RacoonDog_0027700.jpg,/content/drive/MyDrive/vision_benchmark/data/wildlife/voc_night/voc_night/JPEGImages/RacoonDog_169 (2).jpg,1
/content/drive/MyDrive/vision_benchmark/data/wildlife/voc_day/voc_day/JPEGImages/SikaDeer_2488.jpg,/content/drive/MyDrive/vision_benchmark/data/wildlife/voc_night/voc_night/JPEGImages/SikaDeer_2215.jpg,1
/content/drive/MyDrive/vision_benchmark/data/wildlife/voc_day/voc_day/JPEGImages/Cow_ (101).jpg,/content/drive/MyDrive/vision_benchmark/data/wildlife/voc_night/voc_night/JPEGImages/Y.T.Marten__429.jpg,0
/content/drive/MyDrive/vision_benchmark/data/wildlife/voc_day/voc_day/JPEGImages/Hare_507.jpg,/content/drive/MyDrive/vision_benchmark/data/wildlife/voc_night/voc_night/JPEGImages/leopard_1900.jpg,0
/content/drive/MyDrive/vision_benchmark/data/wildlife/voc_day/voc_day/JPEGImages/Badger__132.jpg,/content/drive/MyDrive/vision_benchmark/data/wildlife/voc_night/voc_night/JPEGImages/leopard_1692.jpg,0
/content/drive/MyDrive/vision_benchmark/data/wildlife/voc_day/voc_day/JPEGImages/Cow_43 (1).jpg,/content/drive/MyDrive/vision_benchmark/data/wildlife/voc_night/voc_night/JPEGImages/Cow_31.jpg,1
/content/drive/MyDrive/vision_benchmark/data/wildlife/voc_day/voc_day/JPEGImages/MuskDeer_472.jpg,/content/drive/MyDrive/vision_benchmark/data/wildlife/voc_night/voc_night/JPEGImages/Wildboar_2238.jpg,0
/content/drive/MyDrive/vision_benchmark/data/wildlife/voc_day/voc_day/JPEGImages/Wildboar_2251.jpg,/content/drive/MyDrive/vision_benchmark/data/wildlife/voc_night/voc_night/JPEGImages/RacoonDog_00242000.jpg,0
/content/drive/MyDrive/vision_benchmark/data/wildlife/voc_day/voc_day/JPEGImages/AmurLeopard_119.jpg,/content/drive/MyDrive/vision_benchmark/data/wildlife/voc_night/voc_night/JPEGImages/Badger_238.jpg,0
/content/drive/MyDrive/vision_benchmark/data/wildlife/voc_day/voc_day/JPEGImages/AmurLeopard_607.jpg,/content/drive/MyDrive/vision_benchmark/data/wildlife/voc_night/voc_night/JPEGImages/RedFox_0 (531).jpg,0
/content/drive/MyDrive/vision_benchmark/data/wildlife/voc_day/voc_day/JPEGImages/Badger_181.jpg,/content/drive/MyDrive/vision_benchmark/data/wildlife/voc_night/voc_night/JPEGImages/Badger__1732.jpg,1
/content/drive/MyDrive/vision_benchmark/data/wildlife/voc_day/voc_day/JPEGImages/AmurTiger_677.jpg,/content/drive/MyDrive/vision_benchmark/data/wildlife/voc_night/voc_night/JPEGImages/SikaDeer_1942.jpg,0
/content/drive/MyDrive/vision_benchmark/data/wildlife/voc_day/voc_day/JPEGImages/Weasel_820.jpg,/content/drive/MyDrive/vision_benchmark/data/wildlife/voc_night/voc_night/JPEGImages/BlackBear_36.jpg,0
/content/drive/MyDrive/vision_benchmark/data/wildlife/voc_day/voc_day/JPEGImages/SikaDeer_1390.jpg,/content/drive/MyDrive/vision_benchmark/data/wildlife/voc_night/voc_night/JPEGImages/SikaDeer_2165.jpg,1
/content/drive/MyDrive/vision_benchmark/data/wildlife/voc_day/voc_day/JPEGImages/Hare_510.jpg,/content/drive/MyDrive/vision_benchmark/data/wildlife/voc_night/voc_night/JPEGImages/Y.T.Marten__437.jpg,0
/content/drive/MyDrive/vision_benchmark/data/wildlife/voc_day/voc_day/JPEGImages/SikaDeer_2749.jpg,/content/drive/MyDrive/vision_benchmark/data/wildlife/voc_night/voc_night/JPEGImages/SikaDeer_1831.jpg,1
/content/drive/MyDrive/vision_benchmark/data/wildlife/voc_day/voc_day/JPEGImages/Wildboar_1881.jpg,/content/drive/MyDrive/vision_benchmark/data/wildlife/voc_night/voc_night/JPEGImages/Wildboar_1836.jpg,1
/content/drive/MyDrive/vision_benchmark/data/wildlife/voc_day/voc_day/JPEGImages/AmurLeopard_992.jpg,/content/drive/MyDrive/vision_benchmark/data/wildlife/voc_night/voc_night/JPEGImages/AmurLeopard_1251.jpg,1
/content/drive/MyDrive/vision_benchmark/data/wildlife/voc_day/voc_day/JPEGImages/Wildboar_2253.jpg,/content/drive/MyDrive/vision_benchmark/data/wildlife/voc_night/voc_night/JPEGImages/Wildboar_1894.jpg,1
/content/drive/MyDrive/vision_benchmark/data/wildlife/voc_day/voc_day/JPEGImages/RacoonDog_006700.jpg,/content/drive/MyDrive/vision_benchmark/data/wildlife/voc_night/voc_night/JPEGImages/Cow_89 (3).jpg,0
/content/drive/MyDrive/vision_benchmark/data/wildlife/voc_day/voc_day/JPEGImages/Weasel_39.jpg,/content/drive/MyDrive/vision_benchmark/data/wildlife/voc_night/voc_night/JPEGImages/MuskDeer_177.jpg,0
/content/drive/MyDrive/vision_benchmark/data/wildlife/voc_day/voc_day/JPEGImages/SikaDeer_1269.jpg,/content/drive/MyDrive/vision_benchmark/data/wildlife/voc_night/voc_night/JPEGImages/SikaDeer_3529.jpg,1
/content/drive/MyDrive/vision_benchmark/data/wildlife/voc_day/voc_day/JPEGImages/leopard_1566.jpg,/content/drive/MyDrive/vision_benchmark/data/wildlife/voc_night/voc_night/JPEGImages/leopard_3791.jpg,1
/content/drive/MyDrive/vision_benchmark/data/wildlife/voc_day/voc_day/JPEGImages/Badger_18.jpg,/content/drive/MyDrive/vision_benchmark/data/wildlife/voc_night/voc_night/JPEGImages/Badger_4.jpg,1
/content/drive/MyDrive/vision_benchmark/data/wildlife/voc_day/voc_day/JPEGImages/RedFox_0 (366).jpg,/content/drive/MyDrive/vision_benchmark/data/wildlife/voc_night/voc_night/JPEGImages/RedFox_1 (435).jpg,1
/content/drive/MyDrive/vision_benchmark/data/wildlife/voc_day/voc_day/JPEGImages/Badger_20.jpg,/content/drive/MyDrive/vision_benchmark/data/wildlife/voc_night/voc_night/JPEGImages/Badger__1776.jpg,1
/content/drive/MyDrive/vision_benchmark/data/wildlife/voc_day/voc_day/JPEGImages/SikaDeer_2112.jpg,/content/drive/MyDrive/vision_benchmark/data/wildlife/voc_night/voc_night/JPEGImages/SikaDeer_3324.jpg,1
/content/drive/MyDrive/vision_benchmark/data/wildlife/voc_day/voc_day/JPEGImages/MuskDeer_481.jpg,/content/drive/MyDrive/vision_benchmark/data/wildlife/voc_night/voc_night/JPEGImages/MuskDeer_797.jpg,1
/content/drive/MyDrive/vision_benchmark/data/wildlife/voc_day/voc_day/JPEGImages/Cow_71 (3).jpg,/content/drive/MyDrive/vision_benchmark/data/wildlife/voc_night/voc_night/JPEGImages/AmurTiger_144.jpg,0
/content/drive/MyDrive/vision_benchmark/data/wildlife/voc_day/voc_day/JPEGImages/WildBoar_2429.jpg,/content/drive/MyDrive/vision_benchmark/data/wildlife/voc_night/voc_night/JPEGImages/BlackBear_181.jpg,0
/content/drive/MyDrive/vision_benchmark/data/wildlife/voc_day/voc_day/JPEGImages/Hare_511.jpg,/content/drive/MyDrive/vision_benchmark/data/wildlife/voc_night/voc_night/JPEGImages/Hare_127.jpg,1
/content/drive/MyDrive/vision_benchmark/data/wildlife/voc_day/voc_day/JPEGImages/Weasel_936.jpg,/content/drive/MyDrive/vision_benchmark/data/wildlife/voc_night/voc_night/JPEGImages/Weasel_1440.jpg,1
/content/drive/MyDrive/vision_benchmark/data/wildlife/voc_day/voc_day/JPEGImages/WildBoar_2324.jpg,/content/drive/MyDrive/vision_benchmark/data/wildlife/voc_night/voc_night/JPEGImages/WildBoar_2439.jpg,1
/content/drive/MyDrive/vision_benchmark/data/wildlife/voc_day/voc_day/JPEGImages/WildBoar_2312.jpg,/content/drive/MyDrive/vision_benchmark/data/wildlife/voc_night/voc_night/JPEGImages/WildBoar_2431.jpg,1
/content/drive/MyDrive/vision_benchmark/data/wildlife/voc_day/voc_day/JPEGImages/Cow_209 (2).jpg,/content/drive/MyDrive/vision_benchmark/data/wildlife/voc_night/voc_night/JPEGImages/Hare_693.jpg,0
/content/drive/MyDrive/vision_benchmark/data/wildlife/voc_day/voc_day/JPEGImages/SikaDeer_3736.jpg,/content/drive/MyDrive/vision_benchmark/data/wildlife/voc_night/voc_night/JPEGImages/Y.T.Marten__426.jpg,0
/content/drive/MyDrive/vision_benchmark/data/wildlife/voc_day/voc_day/JPEGImages/Dog_1869.jpg,/content/drive/MyDrive/vision_benchmark/data/wildlife/voc_night/voc_night/JPEGImages/Wildboar_2149.jpg,0
/content/drive/MyDrive/vision_benchmark/data/wildlife/voc_day/voc_day/JPEGImages/WildBoar_2339.jpg,/content/drive/MyDrive/vision_benchmark/data/wildlife/voc_night/voc_night/JPEGImages/Cow_238.jpg,0
/content/drive/MyDrive/vision_benchmark/data/wildlife/voc_day/voc_day/JPEGImages/RedFox_0 (724).jpg,/content/drive/MyDrive/vision_benchmark/data/wildlife/voc_night/voc_night/JPEGImages/SikaDeer_1711.jpg,0
/content/drive/MyDrive/vision_benchmark/data/wildlife/voc_day/voc_day/JPEGImages/Dog_1261.jpg,/content/drive/MyDrive/vision_benchmark/data/wildlife/voc_night/voc_night/JPEGImages/Dog_144.jpg,1
/content/drive/MyDrive/vision_benchmark/data/wildlife/voc_day/voc_day/JPEGImages/Badger__139.jpg,/content/drive/MyDrive/vision_benchmark/data/wildlife/voc_night/voc_night/JPEGImages/Badger__1728.jpg,1
/content/drive/MyDrive/vision_benchmark/data/wildlife/voc_day/voc_day/JPEGImages/WildBoar_2422.jpg,/content/drive/MyDrive/vision_benchmark/data/wildlife/voc_night/voc_night/JPEGImages/AmurTiger_858.jpg,0
/content/drive/MyDrive/vision_benchmark/data/wildlife/voc_day/voc_day/JPEGImages/Weasel_601.jpg,/content/drive/MyDrive/vision_benchmark/data/wildlife/voc_night/voc_night/JPEGImages/Weasel_1126.jpg,1
/content/drive/MyDrive/vision_benchmark/data/wildlife/voc_day/voc_day/JPEGImages/Y.T.Marten__131.jpg,/content/drive/MyDrive/vision_benchmark/data/wildlife/voc_night/voc_night/JPEGImages/leopard_2272.jpg,0
/content/drive/MyDrive/vision_benchmark/data/wildlife/voc_day/voc_day/JPEGImages/BlackBear_14.jpg,/content/drive/MyDrive/vision_benchmark/data/wildlife/voc_night/voc_night/JPEGImages/Badger__1945.jpg,0
/content/drive/MyDrive/vision_benchmark/data/wildlife/voc_day/voc_day/JPEGImages/RacoonDog_128.jpg,/content/drive/MyDrive/vision_benchmark/data/wildlife/voc_night/voc_night/JPEGImages/AmurTiger_910.jpg,0
/content/drive/MyDrive/vision_benchmark/data/wildlife/voc_day/voc_day/JPEGImages/Hare_506.jpg,/content/drive/MyDrive/vision_benchmark/data/wildlife/voc_night/voc_night/JPEGImages/Hare_282.jpg,1
/content/drive/MyDrive/vision_benchmark/data/wildlife/voc_day/voc_day/JPEGImages/Weasel_161.jpg,/content/drive/MyDrive/vision_benchmark/data/wildlife/voc_night/voc_night/JPEGImages/Weasel_1109.jpg,1
/content/drive/MyDrive/vision_benchmark/data/wildlife/voc_day/voc_day/JPEGImages/BlackBear_194.jpg,/content/drive/MyDrive/vision_benchmark/data/wildlife/voc_night/voc_night/JPEGImages/BlackBear_36.jpg,1
/content/drive/MyDrive/vision_benchmark/data/wildlife/voc_day/voc_day/JPEGImages/WildBoar_2368.jpg,/content/drive/MyDrive/vision_benchmark/data/wildlife/voc_night/voc_night/JPEGImages/WildBoar_2504.jpg,1
/content/drive/MyDrive/vision_benchmark/data/wildlife/voc_day/voc_day/JPEGImages/WildBoar_2424.jpg,/content/drive/MyDrive/vision_benchmark/data/wildlife/voc_night/voc_night/JPEGImages/LeopardCat__1564.jpg,0
/content/drive/MyDrive/vision_benchmark/data/wildlife/voc_day/voc_day/JPEGImages/Dog_1432.jpg,/content/drive/MyDrive/vision_benchmark/data/wildlife/voc_night/voc_night/JPEGImages/Dog_1503.jpg,1
/content/drive/MyDrive/vision_benchmark/data/wildlife/voc_day/voc_day/JPEGImages/MuskDeer_539.jpg,/content/drive/MyDrive/vision_benchmark/data/wildlife/voc_night/voc_night/JPEGImages/Hare_820.jpg,0
/content/drive/MyDrive/vision_benchmark/data/wildlife/voc_day/voc_day/JPEGImages/Hare_503.jpg,/content/drive/MyDrive/vision_benchmark/data/wildlife/voc_night/voc_night/JPEGImages/Hare_473.jpg,1
/content/drive/MyDrive/vision_benchmark/data/wildlife/voc_day/voc_day/JPEGImages/Hare_510.jpg,/content/drive/MyDrive/vision_benchmark/data/wildlife/voc_night/voc_night/JPEGImages/MuskDeer_394.jpg,0
/content/drive/MyDrive/vision_benchmark/data/wildlife/voc_day/voc_day/JPEGImages/leopard_850.jpg,/content/drive/MyDrive/vision_benchmark/data/wildlife/voc_night/voc_night/JPEGImages/MuskDeer_746.jpg,0
/content/drive/MyDrive/vision_benchmark/data/wildlife/voc_day/voc_day/JPEGImages/Weasel_354.jpg,/content/drive/MyDrive/vision_benchmark/data/wildlife/voc_night/voc_night/JPEGImages/Weasel_1023.jpg,1
/content/drive/MyDrive/vision_benchmark/data/wildlife/voc_day/voc_day/JPEGImages/RedFox_0 (568).jpg,/content/drive/MyDrive/vision_benchmark/data/wildlife/voc_night/voc_night/JPEGImages/Weasel_1443.jpg,0
/content/drive/MyDrive/vision_benchmark/data/wildlife/voc_day/voc_day/JPEGImages/RedFox_7 (263).jpg,/content/drive/MyDrive/vision_benchmark/data/wildlife/voc_night/voc_night/JPEGImages/Badger__1674.jpg,0
/content/drive/MyDrive/vision_benchmark/data/wildlife/voc_day/voc_day/JPEGImages/leopard_3535.jpg,/content/drive/MyDrive/vision_benchmark/data/wildlife/voc_night/voc_night/JPEGImages/leopard_5209.jpg,1
/content/drive/MyDrive/vision_benchmark/data/wildlife/voc_day/voc_day/JPEGImages/WildBoar_2348.jpg,/content/drive/MyDrive/vision_benchmark/data/wildlife/voc_night/voc_night/JPEGImages/WildBoar_2474.jpg,1
/content/drive/MyDrive/vision_benchmark/data/wildlife/voc_day/voc_day/JPEGImages/leopard_670.jpg,/content/drive/MyDrive/vision_benchmark/data/wildlife/voc_night/voc_night/JPEGImages/Hare_448.jpg,0
/content/drive/MyDrive/vision_benchmark/data/wildlife/voc_day/voc_day/JPEGImages/LeopardCat__282.jpg,/content/drive/MyDrive/vision_benchmark/data/wildlife/voc_night/voc_night/JPEGImages/Hare_497.jpg,0
/content/drive/MyDrive/vision_benchmark/data/wildlife/voc_day/voc_day/JPEGImages/AmurTiger_785.jpg,/content/drive/MyDrive/vision_benchmark/data/wildlife/voc_night/voc_night/JPEGImages/MuskDeer_850.jpg,0
/content/drive/MyDrive/vision_benchmark/data/wildlife/voc_day/voc_day/JPEGImages/AmurTiger_453.jpg,/content/drive/MyDrive/vision_benchmark/data/wildlife/voc_night/voc_night/JPEGImages/LeopardCat_41.jpg,0
/content/drive/MyDrive/vision_benchmark/data/wildlife/voc_day/voc_day/JPEGImages/AmurTiger_159.jpg,/content/drive/MyDrive/vision_benchmark/data/wildlife/voc_night/voc_night/JPEGImages/AmurTiger_908.jpg,1
/content/drive/MyDrive/vision_benchmark/data/wildlife/voc_day/voc_day/JPEGImages/RacoonDog_81 (4).jpg,/content/drive/MyDrive/vision_benchmark/data/wildlife/voc_night/voc_night/JPEGImages/leopard_3078.jpg,0
/content/drive/MyDrive/vision_benchmark/data/wildlife/voc_day/voc_day/JPEGImages/Y.T.Marten_424.jpg,/content/drive/MyDrive/vision_benchmark/data/wildlife/voc_night/voc_night/JPEGImages/MuskDeer_1158.jpg,0
/content/drive/MyDrive/vision_benchmark/data/wildlife/voc_day/voc_day/JPEGImages/BlackBear_202.jpg,/content/drive/MyDrive/vision_benchmark/data/wildlife/voc_night/voc_night/JPEGImages/RacoonDog_24.jpg,0
/content/drive/MyDrive/vision_benchmark/data/wildlife/voc_day/voc_day/JPEGImages/RedFox_2 (139).jpg,/content/drive/MyDrive/vision_benchmark/data/wildlife/voc_night/voc_night/JPEGImages/RedFox_2 (344).jpg,1
/content/drive/MyDrive/vision_benchmark/data/wildlife/voc_day/voc_day/JPEGImages/RacoonDog_0063800.jpg,/content/drive/MyDrive/vision_benchmark/data/wildlife/voc_night/voc_night/JPEGImages/RacoonDog_141.jpg,1
/content/drive/MyDrive/vision_benchmark/data/wildlife/voc_day/voc_day/JPEGImages/Weasel_753.jpg,/content/drive/MyDrive/vision_benchmark/data/wildlife/voc_night/voc_night/JPEGImages/RacoonDog_00224400.jpg,0
/content/drive/MyDrive/vision_benchmark/data/wildlife/voc_day/voc_day/JPEGImages/Weasel_663.jpg,/content/drive/MyDrive/vision_benchmark/data/wildlife/voc_night/voc_night/JPEGImages/Weasel_1097.jpg,1
/content/drive/MyDrive/vision_benchmark/data/wildlife/voc_day/voc_day/JPEGImages/leopard_962.jpg,/content/drive/MyDrive/vision_benchmark/data/wildlife/voc_night/voc_night/JPEGImages/Wildboar_1753.jpg,0
/content/drive/MyDrive/vision_benchmark/data/wildlife/voc_day/voc_day/JPEGImages/Cow_0 (2).jpg,/content/drive/MyDrive/vision_benchmark/data/wildlife/voc_night/voc_night/JPEGImages/Wildboar_1872.jpg,0
/content/drive/MyDrive/vision_benchmark/data/wildlife/voc_day/voc_day/JPEGImages/Dog_1265.jpg,/content/drive/MyDrive/vision_benchmark/data/wildlife/voc_night/voc_night/JPEGImages/Hare_930.jpg,0
/content/drive/MyDrive/vision_benchmark/data/wildlife/voc_day/voc_day/JPEGImages/AmurLeopard_26.jpg,/content/drive/MyDrive/vision_benchmark/data/wildlife/voc_night/voc_night/JPEGImages/AmurLeopard_93.jpg,1
/content/drive/MyDrive/vision_benchmark/data/wildlife/voc_day/voc_day/JPEGImages/Dog_3 (32).jpg,/content/drive/MyDrive/vision_benchmark/data/wildlife/voc_night/voc_night/JPEGImages/Dog_1833.jpg,1
/content/drive/MyDrive/vision_benchmark/data/wildlife/voc_day/voc_day/JPEGImages/Y.T.Marten__405.jpg,/content/drive/MyDrive/vision_benchmark/data/wildlife/voc_night/voc_night/JPEGImages/Cow_30.jpg,0
/content/drive/MyDrive/vision_benchmark/data/wildlife/voc_day/voc_day/JPEGImages/SikaDeer_1301.jpg,/content/drive/MyDrive/vision_benchmark/data/wildlife/voc_night/voc_night/JPEGImages/Wildboar_2041.jpg,0
/content/drive/MyDrive/vision_benchmark/data/wildlife/voc_day/voc_day/JPEGImages/Cow_ (105).jpg,/content/drive/MyDrive/vision_benchmark/data/wildlife/voc_night/voc_night/JPEGImages/Cow_ (196).jpg,1
/content/drive/MyDrive/vision_benchmark/data/wildlife/voc_day/voc_day/JPEGImages/Wildboar_1738.jpg,/content/drive/MyDrive/vision_benchmark/data/wildlife/voc_night/voc_night/JPEGImages/Weasel_1190.jpg,0
/content/drive/MyDrive/vision_benchmark/data/wildlife/voc_day/voc_day/JPEGImages/Cow_65 (2).jpg,/content/drive/MyDrive/vision_benchmark/data/wildlife/voc_night/voc_night/JPEGImages/Y.T.Marten_434.jpg,0
/content/drive/MyDrive/vision_benchmark/data/wildlife/voc_day/voc_day/JPEGImages/SikaDeer_4026.jpg,/content/drive/MyDrive/vision_benchmark/data/wildlife/voc_night/voc_night/JPEGImages/MuskDeer_769.jpg,0
/content/drive/MyDrive/vision_benchmark/data/wildlife/voc_day/voc_day/JPEGImages/Dog_1139.jpg,/content/drive/MyDrive/vision_benchmark/data/wildlife/voc_night/voc_night/JPEGImages/AmurLeopard_574.jpg,0
/content/drive/MyDrive/vision_benchmark/data/wildlife/voc_day/voc_day/JPEGImages/SikaDeer_2604.jpg,/content/drive/MyDrive/vision_benchmark/data/wildlife/voc_night/voc_night/JPEGImages/BlackBear_253.jpg,0
/content/drive/MyDrive/vision_benchmark/data/wildlife/voc_day/voc_day/JPEGImages/WildBoar_2405.jpg,/content/drive/MyDrive/vision_benchmark/data/wildlife/voc_night/voc_night/JPEGImages/Badger_124.jpg,0
/content/drive/MyDrive/vision_benchmark/data/wildlife/voc_day/voc_day/JPEGImages/Wildboar_1956.jpg,/content/drive/MyDrive/vision_benchmark/data/wildlife/voc_night/voc_night/JPEGImages/Dog_1758.jpg,0
/content/drive/MyDrive/vision_benchmark/data/wildlife/voc_day/voc_day/JPEGImages/Weasel_613.jpg,/content/drive/MyDrive/vision_benchmark/data/wildlife/voc_night/voc_night/JPEGImages/Badger__1697.jpg,0
/content/drive/MyDrive/vision_benchmark/data/wildlife/voc_day/voc_day/JPEGImages/Wildboar_2023.jpg,/content/drive/MyDrive/vision_benchmark/data/wildlife/voc_night/voc_night/JPEGImages/SikaDeer_3213.jpg,0
/content/drive/MyDrive/vision_benchmark/data/wildlife/voc_day/voc_day/JPEGImages/WildBoar_2335.jpg,/content/drive/MyDrive/vision_benchmark/data/wildlife/voc_night/voc_night/JPEGImages/Y.T.Marten__410.jpg,0
/content/drive/MyDrive/vision_benchmark/data/wildlife/voc_day/voc_day/JPEGImages/Badger__777.jpg,/content/drive/MyDrive/vision_benchmark/data/wildlife/voc_night/voc_night/JPEGImages/SikaDeer_3508.jpg,0
/content/drive/MyDrive/vision_benchmark/data/wildlife/voc_day/voc_day/JPEGImages/RacoonDog_0032800.jpg,/content/drive/MyDrive/vision_benchmark/data/wildlife/voc_night/voc_night/JPEGImages/WildBoar_2280.jpg,0
/content/drive/MyDrive/vision_benchmark/data/wildlife/voc_day/voc_day/JPEGImages/Dog_1763.jpg,/content/drive/MyDrive/vision_benchmark/data/wildlife/voc_night/voc_night/JPEGImages/Hare_928.jpg,0
/content/drive/MyDrive/vision_benchmark/data/wildlife/voc_day/voc_day/JPEGImages/Hare_507.jpg,/content/drive/MyDrive/vision_benchmark/data/wildlife/voc_night/voc_night/JPEGImages/SikaDeer_1840.jpg,0
/content/drive/MyDrive/vision_benchmark/data/wildlife/voc_day/voc_day/JPEGImages/Cow_209 (2).jpg,/content/drive/MyDrive/vision_benchmark/data/wildlife/voc_night/voc_night/JPEGImages/Cow_60 (1).jpg,1
/content/drive/MyDrive/vision_benchmark/data/wildlife/voc_day/voc_day/JPEGImages/AmurLeopard_859.jpg,/content/drive/MyDrive/vision_benchmark/data/wildlife/voc_night/voc_night/JPEGImages/AmurLeopard_1188.jpg,1
/content/drive/MyDrive/vision_benchmark/data/wildlife/voc_day/voc_day/JPEGImages/SikaDeer_2126.jpg,/content/drive/MyDrive/vision_benchmark/data/wildlife/voc_night/voc_night/JPEGImages/LeopardCat__2809.jpg,0
/content/drive/MyDrive/vision_benchmark/data/wildlife/voc_day/voc_day/JPEGImages/WildBoar_2288.jpg,/content/drive/MyDrive/vision_benchmark/data/wildlife/voc_night/voc_night/JPEGImages/WildBoar_2364.jpg,1
/content/drive/MyDrive/vision_benchmark/data/wildlife/voc_day/voc_day/JPEGImages/BlackBear_140.jpg,/content/drive/MyDrive/vision_benchmark/data/wildlife/voc_night/voc_night/JPEGImages/SikaDeer_2170.jpg,0
/content/drive/MyDrive/vision_benchmark/data/wildlife/voc_day/voc_day/JPEGImages/Badger__1320.jpg,/content/drive/MyDrive/vision_benchmark/data/wildlife/voc_night/voc_night/JPEGImages/Badger__1893.jpg,1
/content/drive/MyDrive/vision_benchmark/data/wildlife/voc_day/voc_day/JPEGImages/Wildboar_1897.jpg,/content/drive/MyDrive/vision_benchmark/data/wildlife/voc_night/voc_night/JPEGImages/WildBoar_2402.jpg,0
/content/drive/MyDrive/vision_benchmark/data/wildlife/voc_day/voc_day/JPEGImages/AmurLeopard_584.jpg,/content/drive/MyDrive/vision_benchmark/data/wildlife/voc_night/voc_night/JPEGImages/RedFox_2 (505).jpg,0
/content/drive/MyDrive/vision_benchmark/data/wildlife/voc_day/voc_day/JPEGImages/MuskDeer_125.jpg,/content/drive/MyDrive/vision_benchmark/data/wildlife/voc_night/voc_night/JPEGImages/Wildboar_1981.jpg,0
/content/drive/MyDrive/vision_benchmark/data/wildlife/voc_day/voc_day/JPEGImages/MuskDeer_441.jpg,/content/drive/MyDrive/vision_benchmark/data/wildlife/voc_night/voc_night/JPEGImages/MuskDeer_625.jpg,1
/content/drive/MyDrive/vision_benchmark/data/wildlife/voc_day/voc_day/JPEGImages/WildBoar_2445.jpg,/content/drive/MyDrive/vision_benchmark/data/wildlife/voc_night/voc_night/JPEGImages/WildBoar_2471.jpg,1
/content/drive/MyDrive/vision_benchmark/data/wildlife/voc_day/voc_day/JPEGImages/AmurTiger_788.jpg,/content/drive/MyDrive/vision_benchmark/data/wildlife/voc_night/voc_night/JPEGImages/AmurTiger_864.jpg,1
/content/drive/MyDrive/vision_benchmark/data/wildlife/voc_day/voc_day/JPEGImages/LeopardCat__363.jpg,/content/drive/MyDrive/vision_benchmark/data/wildlife/voc_night/voc_night/JPEGImages/LeopardCat_15.jpg,1
/content/drive/MyDrive/vision_benchmark/data/wildlife/voc_day/voc_day/JPEGImages/Y.T.Marten__174.jpg,/content/drive/MyDrive/vision_benchmark/data/wildlife/voc_night/voc_night/JPEGImages/Y.T.Marten__414.jpg,1
/content/drive/MyDrive/vision_benchmark/data/wildlife/voc_day/voc_day/JPEGImages/WildBoar_2311.jpg,/content/drive/MyDrive/vision_benchmark/data/wildlife/voc_night/voc_night/JPEGImages/WildBoar_2280.jpg,1
/content/drive/MyDrive/vision_benchmark/data/wildlife/voc_day/voc_day/JPEGImages/Cow_202 (1).jpg,/content/drive/MyDrive/vision_benchmark/data/wildlife/voc_night/voc_night/JPEGImages/Cow_72 (2).jpg,1
/content/drive/MyDrive/vision_benchmark/data/wildlife/voc_day/voc_day/JPEGImages/MuskDeer_26.jpg,/content/drive/MyDrive/vision_benchmark/data/wildlife/voc_night/voc_night/JPEGImages/Cow_77.jpg,0
/content/drive/MyDrive/vision_benchmark/data/wildlife/voc_day/voc_day/JPEGImages/BlackBear_38.jpg,/content/drive/MyDrive/vision_benchmark/data/wildlife/voc_night/voc_night/JPEGImages/BlackBear_0.jpg,1
/content/drive/MyDrive/vision_benchmark/data/wildlife/voc_day/voc_day/JPEGImages/Y.T.Marten_138.jpg,/content/drive/MyDrive/vision_benchmark/data/wildlife/voc_night/voc_night/JPEGImages/Y.T.Marten__435.jpg,1
/content/drive/MyDrive/vision_benchmark/data/wildlife/voc_day/voc_day/JPEGImages/Dog_0 (22).jpg,/content/drive/MyDrive/vision_benchmark/data/wildlife/voc_night/voc_night/JPEGImages/Dog_0 (63).jpg,1
/content/drive/MyDrive/vision_benchmark/data/wildlife/voc_day/voc_day/JPEGImages/Wildboar_2083.jpg,/content/drive/MyDrive/vision_benchmark/data/wildlife/voc_night/voc_night/JPEGImages/Wildboar_2241.jpg,1
/content/drive/MyDrive/vision_benchmark/data/wildlife/voc_day/voc_day/JPEGImages/MuskDeer_576.jpg,/content/drive/MyDrive/vision_benchmark/data/wildlife/voc_night/voc_night/JPEGImages/Weasel_1217.jpg,0
/content/drive/MyDrive/vision_benchmark/data/wildlife/voc_day/voc_day/JPEGImages/MuskDeer_1581.jpg,/content/drive/MyDrive/vision_benchmark/data/wildlife/voc_night/voc_night/JPEGImages/WildBoar_2438.jpg,0
/content/drive/MyDrive/vision_benchmark/data/wildlife/voc_day/voc_day/JPEGImages/Dog_985.jpg,/content/drive/MyDrive/vision_benchmark/data/wildlife/voc_night/voc_night/JPEGImages/Dog_0 (130).jpg,1
/content/drive/MyDrive/vision_benchmark/data/wildlife/voc_day/voc_day/JPEGImages/LeopardCat__68.jpg,/content/drive/MyDrive/vision_benchmark/data/wildlife/voc_night/voc_night/JPEGImages/LeopardCat_xy.jpg,1
/content/drive/MyDrive/vision_benchmark/data/wildlife/voc_day/voc_day/JPEGImages/WildBoar_2397.jpg,/content/drive/MyDrive/vision_benchmark/data/wildlife/voc_night/voc_night/JPEGImages/leopard_1890.jpg,0
/content/drive/MyDrive/vision_benchmark/data/wildlife/voc_day/voc_day/JPEGImages/Hare_509.jpg,/content/drive/MyDrive/vision_benchmark/data/wildlife/voc_night/voc_night/JPEGImages/Hare_522.jpg,1
/content/drive/MyDrive/vision_benchmark/data/wildlife/voc_day/voc_day/JPEGImages/RedFox_0 (86).jpg,/content/drive/MyDrive/vision_benchmark/data/wildlife/voc_night/voc_night/JPEGImages/Dog_1645.jpg,0
/content/drive/MyDrive/vision_benchmark/data/wildlife/voc_day/voc_day/JPEGImages/Cow_28 (3).jpg,/content/drive/MyDrive/vision_benchmark/data/wildlife/voc_night/voc_night/JPEGImages/Cow_218 (1).jpg,1
/content/drive/MyDrive/vision_benchmark/data/wildlife/voc_day/voc_day/JPEGImages/SikaDeer_1992.jpg,/content/drive/MyDrive/vision_benchmark/data/wildlife/voc_night/voc_night/JPEGImages/SikaDeer_3166.jpg,1
/content/drive/MyDrive/vision_benchmark/data/wildlife/voc_day/voc_day/JPEGImages/RacoonDog_143 (8).jpg,/content/drive/MyDrive/vision_benchmark/data/wildlife/voc_night/voc_night/JPEGImages/RacoonDog_145.jpg,1
/content/drive/MyDrive/vision_benchmark/data/wildlife/voc_day/voc_day/JPEGImages/SikaDeer_2576.jpg,/content/drive/MyDrive/vision_benchmark/data/wildlife/voc_night/voc_night/JPEGImages/BlackBear_302.jpg,0
/content/drive/MyDrive/vision_benchmark/data/wildlife/voc_day/voc_day/JPEGImages/Badger__1359.jpg,/content/drive/MyDrive/vision_benchmark/data/wildlife/voc_night/voc_night/JPEGImages/Badger__1806.jpg,1
/content/drive/MyDrive/vision_benchmark/data/wildlife/voc_day/voc_day/JPEGImages/Cow_75 (7).jpg,/content/drive/MyDrive/vision_benchmark/data/wildlife/voc_night/voc_night/JPEGImages/Cow_89 (2).jpg,1
/content/drive/MyDrive/vision_benchmark/data/wildlife/voc_day/voc_day/JPEGImages/AmurTiger_466.jpg,/content/drive/MyDrive/vision_benchmark/data/wildlife/voc_night/voc_night/JPEGImages/Dog_859.jpg,0
/content/drive/MyDrive/vision_benchmark/data/wildlife/voc_day/voc_day/JPEGImages/SikaDeer_2958.jpg,/content/drive/MyDrive/vision_benchmark/data/wildlife/voc_night/voc_night/JPEGImages/BlackBear_6.jpg,0
/content/drive/MyDrive/vision_benchmark/data/wildlife/voc_day/voc_day/JPEGImages/leopard_2737.jpg,/content/drive/MyDrive/vision_benchmark/data/wildlife/voc_night/voc_night/JPEGImages/RedFox_1 (660).jpg,0
/content/drive/MyDrive/vision_benchmark/data/wildlife/voc_day/voc_day/JPEGImages/BlackBear_281.jpg,/content/drive/MyDrive/vision_benchmark/data/wildlife/voc_night/voc_night/JPEGImages/Badger__1727.jpg,0
/content/drive/MyDrive/vision_benchmark/data/wildlife/voc_day/voc_day/JPEGImages/SikaDeer_2678.jpg,/content/drive/MyDrive/vision_benchmark/data/wildlife/voc_night/voc_night/JPEGImages/Dog_50.jpg,0
/content/drive/MyDrive/vision_benchmark/data/wildlife/voc_day/voc_day/JPEGImages/WildBoar_2461.jpg,/content/drive/MyDrive/vision_benchmark/data/wildlife/voc_night/voc_night/JPEGImages/MuskDeer_247.jpg,0
/content/drive/MyDrive/vision_benchmark/data/wildlife/voc_day/voc_day/JPEGImages/Wildboar_2031.jpg,/content/drive/MyDrive/vision_benchmark/data/wildlife/voc_night/voc_night/JPEGImages/RedFox_0 (531).jpg,0
/content/drive/MyDrive/vision_benchmark/data/wildlife/voc_day/voc_day/JPEGImages/RacoonDog_00146800.jpg,/content/drive/MyDrive/vision_benchmark/data/wildlife/voc_night/voc_night/JPEGImages/AmurTiger_911.jpg,0
/content/drive/MyDrive/vision_benchmark/data/wildlife/voc_day/voc_day/JPEGImages/RacoonDog_87.jpg,/content/drive/MyDrive/vision_benchmark/data/wildlife/voc_night/voc_night/JPEGImages/RacoonDog_00226500.jpg,1
/content/drive/MyDrive/vision_benchmark/data/wildlife/voc_day/voc_day/JPEGImages/BlackBear_202.jpg,/content/drive/MyDrive/vision_benchmark/data/wildlife/voc_night/voc_night/JPEGImages/BlackBear_206.jpg,1
/content/drive/MyDrive/vision_benchmark/data/wildlife/voc_day/voc_day/JPEGImages/RedFox_3 (122).jpg,/content/drive/MyDrive/vision_benchmark/data/wildlife/voc_night/voc_night/JPEGImages/LeopardCat__2229.jpg,0
/content/drive/MyDrive/vision_benchmark/data/wildlife/voc_day/voc_day/JPEGImages/SikaDeer_2109.jpg,/content/drive/MyDrive/vision_benchmark/data/wildlife/voc_night/voc_night/JPEGImages/LeopardCat__2448.jpg,0
/content/drive/MyDrive/vision_benchmark/data/wildlife/voc_day/voc_day/JPEGImages/leopard_4540.jpg,/content/drive/MyDrive/vision_benchmark/data/wildlife/voc_night/voc_night/JPEGImages/LeopardCat__2627.jpg,0
/content/drive/MyDrive/vision_benchmark/data/wildlife/voc_day/voc_day/JPEGImages/AmurLeopard_863.jpg,/content/drive/MyDrive/vision_benchmark/data/wildlife/voc_night/voc_night/JPEGImages/AmurLeopard_611.jpg,1
/content/drive/MyDrive/vision_benchmark/data/wildlife/voc_day/voc_day/JPEGImages/AmurTiger_13.jpg,/content/drive/MyDrive/vision_benchmark/data/wildlife/voc_night/voc_night/JPEGImages/AmurTiger_1015.jpg,1
/content/drive/MyDrive/vision_benchmark/data/wildlife/voc_day/voc_day/JPEGImages/RedFox_2 (861).jpg,/content/drive/MyDrive/vision_benchmark/data/wildlife/voc_night/voc_night/JPEGImages/RedFox_3 (798).jpg,1
/content/drive/MyDrive/vision_benchmark/data/wildlife/voc_day/voc_day/JPEGImages/AmurLeopard_349.jpg,/content/drive/MyDrive/vision_benchmark/data/wildlife/voc_night/voc_night/JPEGImages/AmurLeopard_1338.jpg,1
/content/drive/MyDrive/vision_benchmark/data/wildlife/voc_day/voc_day/JPEGImages/AmurLeopard_736.jpg,/content/drive/MyDrive/vision_benchmark/data/wildlife/voc_night/voc_night/JPEGImages/Hare_398.jpg,0
/content/drive/MyDrive/vision_benchmark/data/wildlife/voc_day/voc_day/JPEGImages/WildBoar_2510.jpg,/content/drive/MyDrive/vision_benchmark/data/wildlife/voc_night/voc_night/JPEGImages/MuskDeer_865.jpg,0
/content/drive/MyDrive/vision_benchmark/data/wildlife/voc_day/voc_day/JPEGImages/Wildboar_1931.jpg,/content/drive/MyDrive/vision_benchmark/data/wildlife/voc_night/voc_night/JPEGImages/Wildboar_2261.jpg,1
/content/drive/MyDrive/vision_benchmark/data/wildlife/voc_day/voc_day/JPEGImages/LeopardCat__271.jpg,/content/drive/MyDrive/vision_benchmark/data/wildlife/voc_night/voc_night/JPEGImages/RacoonDog_183 (1).jpg,0
/content/drive/MyDrive/vision_benchmark/data/wildlife/voc_day/voc_day/JPEGImages/BlackBear_187.jpg,/content/drive/MyDrive/vision_benchmark/data/wildlife/voc_night/voc_night/JPEGImages/BlackBear_104.jpg,1
/content/drive/MyDrive/vision_benchmark/data/wildlife/voc_day/voc_day/JPEGImages/Cow_240 (7).jpg,/content/drive/MyDrive/vision_benchmark/data/wildlife/voc_night/voc_night/JPEGImages/Cow_238.jpg,1
/content/drive/MyDrive/vision_benchmark/data/wildlife/voc_day/voc_day/JPEGImages/RedFox_0 (40).jpg,/content/drive/MyDrive/vision_benchmark/data/wildlife/voc_night/voc_night/JPEGImages/BlackBear_252.jpg,0
/content/drive/MyDrive/vision_benchmark/data/wildlife/voc_day/voc_day/JPEGImages/Badger__1181.jpg,/content/drive/MyDrive/vision_benchmark/data/wildlife/voc_night/voc_night/JPEGImages/Badger__1680.jpg,1
/content/drive/MyDrive/vision_benchmark/data/wildlife/voc_day/voc_day/JPEGImages/AmurLeopard_391.jpg,/content/drive/MyDrive/vision_benchmark/data/wildlife/voc_night/voc_night/JPEGImages/leopard_1877.jpg,0
/content/drive/MyDrive/vision_benchmark/data/wildlife/voc_day/voc_day/JPEGImages/leopard_2099.jpg,/content/drive/MyDrive/vision_benchmark/data/wildlife/voc_night/voc_night/JPEGImages/Weasel_4.jpg,0
/content/drive/MyDrive/vision_benchmark/data/wildlife/voc_day/voc_day/JPEGImages/Wildboar_2162.jpg,/content/drive/MyDrive/vision_benchmark/data/wildlife/voc_night/voc_night/JPEGImages/MuskDeer_1359.jpg,0
/content/drive/MyDrive/vision_benchmark/data/wildlife/voc_day/voc_day/JPEGImages/leopard_231.jpg,/content/drive/MyDrive/vision_benchmark/data/wildlife/voc_night/voc_night/JPEGImages/leopard_3122.jpg,1
/content/drive/MyDrive/vision_benchmark/data/wildlife/voc_day/voc_day/JPEGImages/Cow_99.jpg,/content/drive/MyDrive/vision_benchmark/data/wildlife/voc_night/voc_night/JPEGImages/Cow_67 (1).jpg,1
/content/drive/MyDrive/vision_benchmark/data/wildlife/voc_day/voc_day/JPEGImages/Cow_ (184).jpg,/content/drive/MyDrive/vision_benchmark/data/wildlife/voc_night/voc_night/JPEGImages/Cow_72 (1).jpg,1
/content/drive/MyDrive/vision_benchmark/data/wildlife/voc_day/voc_day/JPEGImages/AmurTiger_681.jpg,/content/drive/MyDrive/vision_benchmark/data/wildlife/voc_night/voc_night/JPEGImages/AmurTiger_968.jpg,1
/content/drive/MyDrive/vision_benchmark/data/wildlife/voc_day/voc_day/JPEGImages/Hare_502.jpg,/content/drive/MyDrive/vision_benchmark/data/wildlife/voc_night/voc_night/JPEGImages/SikaDeer_3237.jpg,0
/content/drive/MyDrive/vision_benchmark/data/wildlife/voc_day/voc_day/JPEGImages/LeopardCat__332.jpg,/content/drive/MyDrive/vision_benchmark/data/wildlife/voc_night/voc_night/JPEGImages/LeopardCat__2640.jpg,1
/content/drive/MyDrive/vision_benchmark/data/wildlife/voc_day/voc_day/JPEGImages/Y.T.Marten_231.jpg,/content/drive/MyDrive/vision_benchmark/data/wildlife/voc_night/voc_night/JPEGImages/RacoonDog_62.jpg,0
/content/drive/MyDrive/vision_benchmark/data/wildlife/voc_day/voc_day/JPEGImages/Weasel_631.jpg,/content/drive/MyDrive/vision_benchmark/data/wildlife/voc_night/voc_night/JPEGImages/Weasel_1470.jpg,1
/content/drive/MyDrive/vision_benchmark/data/wildlife/voc_day/voc_day/JPEGImages/MuskDeer_491.jpg,/content/drive/MyDrive/vision_benchmark/data/wildlife/voc_night/voc_night/JPEGImages/MuskDeer_740.jpg,1
/content/drive/MyDrive/vision_benchmark/data/wildlife/voc_day/voc_day/JPEGImages/AmurTiger_34.jpg,/content/drive/MyDrive/vision_benchmark/data/wildlife/voc_night/voc_night/JPEGImages/Badger__1674.jpg,0
/content/drive/MyDrive/vision_benchmark/data/wildlife/voc_day/voc_day/JPEGImages/RacoonDog_114 (3).jpg,/content/drive/MyDrive/vision_benchmark/data/wildlife/voc_night/voc_night/JPEGImages/RacoonDog_168.jpg,1
/content/drive/MyDrive/vision_benchmark/data/wildlife/voc_day/voc_day/JPEGImages/WildBoar_2335.jpg,/content/drive/MyDrive/vision_benchmark/data/wildlife/voc_night/voc_night/JPEGImages/WildBoar_2389.jpg,1
/content/drive/MyDrive/vision_benchmark/data/wildlife/voc_day/voc_day/JPEGImages/Weasel_527.jpg,/content/drive/MyDrive/vision_benchmark/data/wildlife/voc_night/voc_night/JPEGImages/AmurLeopard_541.jpg,0
/content/drive/MyDrive/vision_benchmark/data/wildlife/voc_day/voc_day/JPEGImages/Weasel_899.jpg,/content/drive/MyDrive/vision_benchmark/data/wildlife/voc_night/voc_night/JPEGImages/SikaDeer_2219.jpg,0
/content/drive/MyDrive/vision_benchmark/data/wildlife/voc_day/voc_day/JPEGImages/Dog_1 (95).jpg,/content/drive/MyDrive/vision_benchmark/data/wildlife/voc_night/voc_night/JPEGImages/AmurTiger_330.jpg,0
/content/drive/MyDrive/vision_benchmark/data/wildlife/voc_day/voc_day/JPEGImages/Badger__634.jpg,/content/drive/MyDrive/vision_benchmark/data/wildlife/voc_night/voc_night/JPEGImages/Badger__1740.jpg,1
/content/drive/MyDrive/vision_benchmark/data/wildlife/voc_day/voc_day/JPEGImages/SikaDeer_1705.jpg,/content/drive/MyDrive/vision_benchmark/data/wildlife/voc_night/voc_night/JPEGImages/RacoonDog_00240500.jpg,0
/content/drive/MyDrive/vision_benchmark/data/wildlife/voc_day/voc_day/JPEGImages/WildBoar_2405.jpg,/content/drive/MyDrive/vision_benchmark/data/wildlife/voc_night/voc_night/JPEGImages/MuskDeer_661.jpg,0
/content/drive/MyDrive/vision_benchmark/data/wildlife/voc_day/voc_day/JPEGImages/RedFox_0 (606).jpg,/content/drive/MyDrive/vision_benchmark/data/wildlife/voc_night/voc_night/JPEGImages/Weasel_1477.jpg,0
/content/drive/MyDrive/vision_benchmark/data/wildlife/voc_day/voc_day/JPEGImages/Wildboar_1948.jpg,/content/drive/MyDrive/vision_benchmark/data/wildlife/voc_night/voc_night/JPEGImages/Dog_0 (57).jpg,0
/content/drive/MyDrive/vision_benchmark/data/wildlife/voc_day/voc_day/JPEGImages/AmurLeopard_910.jpg,/content/drive/MyDrive/vision_benchmark/data/wildlife/voc_night/voc_night/JPEGImages/Hare_1126.jpg,0
/content/drive/MyDrive/vision_benchmark/data/wildlife/voc_day/voc_day/JPEGImages/RacoonDog_70 (2).jpg,/content/drive/MyDrive/vision_benchmark/data/wildlife/voc_night/voc_night/JPEGImages/MuskDeer_974.jpg,0
/content/drive/MyDrive/vision_benchmark/data/wildlife/voc_day/voc_day/JPEGImages/AmurTiger_189.jpg,/content/drive/MyDrive/vision_benchmark/data/wildlife/voc_night/voc_night/JPEGImages/AmurTiger_996.jpg,1
/content/drive/MyDrive/vision_benchmark/data/wildlife/voc_day/voc_day/JPEGImages/RedFox_4 (263).jpg,/content/drive/MyDrive/vision_benchmark/data/wildlife/voc_night/voc_night/JPEGImages/Wildboar_1857.jpg,0
/content/drive/MyDrive/vision_benchmark/data/wildlife/voc_day/voc_day/JPEGImages/leopard_3085.jpg,/content/drive/MyDrive/vision_benchmark/data/wildlife/voc_night/voc_night/JPEGImages/leopard_4693.jpg,1
/content/drive/MyDrive/vision_benchmark/data/wildlife/voc_day/voc_day/JPEGImages/BlackBear_9.jpg,/content/drive/MyDrive/vision_benchmark/data/wildlife/voc_night/voc_night/JPEGImages/BlackBear_301.jpg,1
/content/drive/MyDrive/vision_benchmark/data/wildlife/voc_day/voc_day/JPEGImages/Wildboar_2184.jpg,/content/drive/MyDrive/vision_benchmark/data/wildlife/voc_night/voc_night/JPEGImages/Wildboar_1868.jpg,1
/content/drive/MyDrive/vision_benchmark/data/wildlife/voc_day/voc_day/JPEGImages/Y.T.Marten_137.jpg,/content/drive/MyDrive/vision_benchmark/data/wildlife/voc_night/voc_night/JPEGImages/Y.T.Marten__431.jpg,1
/content/drive/MyDrive/vision_benchmark/data/wildlife/voc_day/voc_day/JPEGImages/Badger__413.jpg,/content/drive/MyDrive/vision_benchmark/data/wildlife/voc_night/voc_night/JPEGImages/SikaDeer_3280.jpg,0
/content/drive/MyDrive/vision_benchmark/data/wildlife/voc_day/voc_day/JPEGImages/leopard_5333.jpg,/content/drive/MyDrive/vision_benchmark/data/wildlife/voc_night/voc_night/JPEGImages/RacoonDog_00247900.jpg,0
/content/drive/MyDrive/vision_benchmark/data/wildlife/voc_day/voc_day/JPEGImages/Cow_ (118).jpg,/content/drive/MyDrive/vision_benchmark/data/wildlife/voc_night/voc_night/JPEGImages/MuskDeer_1028.jpg,0
/content/drive/MyDrive/vision_benchmark/data/wildlife/voc_day/voc_day/JPEGImages/Wildboar_1885.jpg,/content/drive/MyDrive/vision_benchmark/data/wildlife/voc_night/voc_night/JPEGImages/Wildboar_2130.jpg,1
/content/drive/MyDrive/vision_benchmark/data/wildlife/voc_day/voc_day/JPEGImages/Hare_45.jpg,/content/drive/MyDrive/vision_benchmark/data/wildlife/voc_night/voc_night/JPEGImages/Dog_3 (10).jpg,0
/content/drive/MyDrive/vision_benchmark/data/wildlife/voc_day/voc_day/JPEGImages/RacoonDog_70 (3).jpg,/content/drive/MyDrive/vision_benchmark/data/wildlife/voc_night/voc_night/JPEGImages/RacoonDog_178.jpg,1
